{"cameraMode":{"drawMode":0,"name":"Shaded","section":"Shading Mode"},"sceneLighting":true,"audioPlay":false,"sceneViewState":{"m_AlwaysRefresh":false,"showFog":true,"showSkybox":true,"showFlares":true,"showImageEffects":true,"showParticleSystems":true,"showVisualEffectGraphs":true,"m_FxEnabled":true},"in2DMode":false,"pivot":{"x":80.87091827392578,"y":0.4124326705932617,"z":28.152908325195314},"rotation":{"x":-0.3007066547870636,"y":-0.23235328495502473,"z":0.07579168677330017,"w":-0.9218698740005493},"size":42.679481506347659,"orthographic":false}