{"cameraMode":{"drawMode":0,"name":"Shaded","section":"Shading Mode"},"sceneLighting":true,"audioPlay":false,"sceneViewState":{"m_AlwaysRefresh":false,"showFog":true,"showSkybox":true,"showFlares":true,"showImageEffects":true,"showParticleSystems":true,"showVisualEffectGraphs":true,"m_FxEnabled":true},"in2DMode":false,"pivot":{"x":49.193695068359378,"y":31.905981063842775,"z":-26.355533599853517},"rotation":{"x":-0.17835772037506104,"y":-0.10252387821674347,"z":0.018689002841711046,"w":-0.9784314036369324},"size":7.1632304191589359,"orthographic":false}