{"cameraMode":{"drawMode":0,"name":"Shaded","section":"Shading Mode"},"sceneLighting":true,"audioPlay":false,"sceneViewState":{"m_AlwaysRefresh":false,"showFog":true,"showSkybox":true,"showFlares":true,"showImageEffects":true,"showParticleSystems":true,"showVisualEffectGraphs":true,"m_FxEnabled":true},"in2DMode":false,"pivot":{"x":21.007278442382814,"y":1.7147579193115235,"z":-13.583274841308594},"rotation":{"x":-0.03157241269946098,"y":0.9664052724838257,"z":-0.20932811498641969,"w":-0.14576031267642976},"size":40.89980697631836,"orthographic":false}