{"cameraMode":{"drawMode":0,"name":"Shaded","section":"Shading Mode"},"sceneLighting":true,"audioPlay":false,"sceneViewState":{"m_AlwaysRefresh":false,"showFog":true,"showSkybox":true,"showFlares":true,"showImageEffects":true,"showParticleSystems":true,"showVisualEffectGraphs":true,"m_FxEnabled":true},"in2DMode":false,"pivot":{"x":56.43949890136719,"y":-61.99277114868164,"z":117.83930206298828},"rotation":{"x":-0.2622992694377899,"y":0.052653394639492038,"z":-0.014334977604448796,"w":-0.9634428024291992},"size":133.4653778076172,"orthographic":false}