{"cameraMode":{"drawMode":0,"name":"Shaded","section":"Shading Mode"},"sceneLighting":true,"audioPlay":false,"sceneViewState":{"m_AlwaysRefresh":false,"showFog":true,"showSkybox":true,"showFlares":true,"showImageEffects":true,"showParticleSystems":true,"showVisualEffectGraphs":true,"m_FxEnabled":true},"in2DMode":false,"pivot":{"x":40.69144821166992,"y":-18.159927368164064,"z":26.254859924316408},"rotation":{"x":-0.33374688029289248,"y":-0.05171903222799301,"z":0.018342090770602227,"w":-0.9410645365715027},"size":40.1604118347168,"orthographic":false}