{"cameraMode":{"drawMode":0,"name":"Shaded","section":"Shading Mode"},"sceneLighting":true,"audioPlay":false,"sceneViewState":{"m_AlwaysRefresh":false,"showFog":true,"showSkybox":true,"showFlares":true,"showImageEffects":true,"showParticleSystems":true,"showVisualEffectGraphs":true,"m_FxEnabled":true},"in2DMode":false,"pivot":{"x":102.36506652832031,"y":34.70879364013672,"z":26.81959342956543},"rotation":{"x":0.2175009697675705,"y":-0.02196398191154003,"z":0.004895721562206745,"w":0.9758020639419556},"size":17.583969116210939,"orthographic":false}