{"cameraMode":{"drawMode":0,"name":"Shaded","section":"Shading Mode"},"sceneLighting":true,"audioPlay":false,"sceneViewState":{"m_AlwaysRefresh":false,"showFog":true,"showSkybox":true,"showFlares":true,"showImageEffects":true,"showParticleSystems":true,"showVisualEffectGraphs":true,"m_FxEnabled":true},"in2DMode":false,"pivot":{"x":62.412567138671878,"y":8.216718673706055,"z":14.196893692016602},"rotation":{"x":0.2412203699350357,"y":0.42289137840270998,"z":-0.11786287277936936,"w":0.8654962778091431},"size":40.204612731933597,"orthographic":false}