{"cameraMode":{"drawMode":0,"name":"Shaded","section":"Shading Mode"},"sceneLighting":true,"audioPlay":false,"sceneViewState":{"m_AlwaysRefresh":false,"showFog":true,"showSkybox":true,"showFlares":true,"showImageEffects":true,"showParticleSystems":true,"showVisualEffectGraphs":true,"m_FxEnabled":true},"in2DMode":false,"pivot":{"x":59.778018951416019,"y":10.211441040039063,"z":33.42792510986328},"rotation":{"x":0.33725064992904665,"y":0.3789241909980774,"z":-0.15060536563396455,"w":0.8485276699066162},"size":36.09310531616211,"orthographic":false}