{"cameraMode":{"drawMode":0,"name":"Shaded","section":"Shading Mode"},"sceneLighting":false,"audioPlay":false,"sceneViewState":{"m_AlwaysRefresh":false,"showFog":true,"showSkybox":false,"showFlares":true,"showImageEffects":true,"showParticleSystems":true,"showVisualEffectGraphs":true,"m_FxEnabled":true},"in2DMode":false,"pivot":{"x":-21.260000228881837,"y":1.130000114440918,"z":-3.9200000762939455},"rotation":{"x":0.25666993856430056,"y":-0.1098969578742981,"z":0.029388753697276117,"w":0.959784746170044},"size":1.2247449159622193,"orthographic":false}