{"cameraMode":{"drawMode":0,"name":"Shaded","section":"Shading Mode"},"sceneLighting":true,"audioPlay":false,"sceneViewState":{"m_AlwaysRefresh":false,"showFog":true,"showSkybox":true,"showFlares":true,"showImageEffects":true,"showParticleSystems":true,"showVisualEffectGraphs":true,"m_FxEnabled":true},"in2DMode":false,"pivot":{"x":100.88285827636719,"y":31.027719497680665,"z":18.8870849609375},"rotation":{"x":0.19025489687919618,"y":0.37340107560157778,"z":-0.07853792607784271,"w":0.9045480489730835},"size":13.14962387084961,"orthographic":false}