{"cameraMode":{"drawMode":0,"name":"Shaded","section":"Shading Mode"},"sceneLighting":true,"audioPlay":false,"sceneViewState":{"m_AlwaysRefresh":false,"showFog":true,"showSkybox":true,"showFlares":true,"showImageEffects":true,"showParticleSystems":true,"showVisualEffectGraphs":true,"m_FxEnabled":true},"in2DMode":false,"pivot":{"x":76.79879760742188,"y":-2.521115303039551,"z":42.25404357910156},"rotation":{"x":0.2425905168056488,"y":0.19938960671424867,"z":-0.051020797342061999,"w":0.9480458498001099},"size":42.542755126953128,"orthographic":false}