{"cameraMode":{"drawMode":0,"name":"Shaded","section":"Shading Mode"},"sceneLighting":true,"audioPlay":false,"sceneViewState":{"m_AlwaysRefresh":false,"showFog":true,"showSkybox":true,"showFlares":true,"showImageEffects":true,"showParticleSystems":true,"showVisualEffectGraphs":true,"m_FxEnabled":true},"in2DMode":false,"pivot":{"x":32.83603286743164,"y":31.577484130859376,"z":-3.5526177883148195},"rotation":{"x":0.16050896048545838,"y":0.4080928862094879,"z":-0.07312678545713425,"w":0.8957400321960449},"size":11.076029777526856,"orthographic":false}